id,conversation_id,created_at,date,time,timezone,user_id,username,name,place,tweet,mentions,urls,photos,replies_count,retweets_count,likes_count,hashtags,cashtags,link,retweet,quote_url,video,near,geo,source,user_rt_id,user_rt,retweet_id,reply_to,retweet_date
1163915209095823360,1163915209095823360,1566333985000,2019-08-20,15:46:25,CDT,595778022,adamr_ubc,Adam Raymakers,,"'The USPSTF recommends.. clinicians assess women with a personal or family history of breast, ovarian, tubal, or peritoneal cancer or .. ancestry associated with BRCA1/2 gene mutations with an appropriate brief familial risk assessment tool.'  https://ja.ma/2Hh9C5T¬† @JAMA_current",['jama_current'],['https://ja.ma/2Hh9C5T'],[],1,0,1,[],[],https://twitter.com/AdamR_UBC/status/1163915209095823360,False,,0,,,,,,,"[{'user_id': '595778022', 'username': 'AdamR_UBC'}, {'user_id': '38489678', 'username': 'JAMA_current'}]",
1163867433016451073,1163867433016451073,1566322594000,2019-08-20,12:36:34,CDT,3538825217,jesusanampa,"Jesus Anampa, MD, MS",,"USPSTF recommends that PCPs assess women with personal or family history of breast, ovarian, tubal, or peritoneal cancer or who have an ancestry associated with BRCA1/2 gene mutations with an appropriate brief familial risk assessment tool @JAMA_current  https://ja.ma/2P3IhdO¬†",['jama_current'],['https://ja.ma/2P3IhdO'],[],1,6,10,[],[],https://twitter.com/jesusanampa/status/1163867433016451073,False,,0,,,,,,,"[{'user_id': '3538825217', 'username': 'jesusanampa'}, {'user_id': '38489678', 'username': 'JAMA_current'}]",
1163838667703672837,1163838667703672837,1566315736000,2019-08-20,10:42:16,CDT,41380057,nciprevention,NCI Prevention,,"Clinicians should use a familial risk assessment tool to assess women with a personal or family history of breast, ovarian, tubal, or peritoneal cancer or ancestry associated with BRCA 1/2 gene mutations says the US Preventive Services Task Force  https://buff.ly/2PfciHU¬† pic.twitter.com/6Lmn8lswHL",[],['https://buff.ly/2PfciHU'],['https://pbs.twimg.com/media/ECbJGc8X4AEiqGj.jpg'],0,4,7,[],[],https://twitter.com/NCIprevention/status/1163838667703672837,False,,0,,,,,,,"[{'user_id': '41380057', 'username': 'NCIprevention'}]",
1163827403921248258,1163827403921248258,1566313050000,2019-08-20,09:57:30,CDT,1122805510590345216,researchkgh,ResearchKGH,,"New Publication: Very interesting publication from our FH02 trial on Familial Risk of Breast Cancer, well done to our Cancer Research Team @KettGeneral. FH02 was funded by @breastcancernow  https://www.thelancet.com/journals/eclinm/article/PIIS2589-5370(19)30005-7/fulltext¬†‚Ä¶ #researchoutcomes #breastcancerresearch #NHSresearch","['kettgeneral', 'breastcancernow']",['https://www.thelancet.com/journals/eclinm/article/PIIS2589-5370(19)30005-7/fulltext'],[],0,1,2,"['#researchoutcomes', '#breastcancerresearch', '#nhsresearch']",[],https://twitter.com/ResearchKgh/status/1163827403921248258,False,,0,,,,,,,"[{'user_id': '1122805510590345216', 'username': 'ResearchKgh'}, {'user_id': '753598540211953665', 'username': 'KettGeneral'}, {'user_id': '36048046', 'username': 'breastcancernow'}]",
1163358272360865792,1163358272360865792,1566201200000,2019-08-19,02:53:20,CDT,736378079904309250,kyladunn5,Kyla Dunn,,"True. Hence, I try to LOUDLY alert patients to cynical, false advertising from @23andMe, @MyHeritage and other charlatans who claim that their inferior SNP chips provide a medically-relevant test for rare conditions like hereditary breast cancer or familial hypercholesterolemia.  https://twitter.com/awgaffney/status/1163269512130695169¬†‚Ä¶","['23andme', 'myheritage']",['https://twitter.com/awgaffney/status/1163269512130695169'],[],0,0,3,[],[],https://twitter.com/KylaDunn5/status/1163358272360865792,False,https://twitter.com/awgaffney/status/1163269512130695169,0,,,,,,,"[{'user_id': '736378079904309250', 'username': 'KylaDunn5'}, {'user_id': '14738561', 'username': '23andMe'}, {'user_id': '12859652', 'username': 'MyHeritage'}]",
1162797404506206210,1162797404506206210,1566067479000,2019-08-17,13:44:39,CDT,1296810944,drfatihavsar,Fatih Mehmet AV≈ûAR,,Whole-genome sequencing reveals clinically relevant insights into the aetiology of familial breast cancers | Annals of Oncology | Oxford Academic  https://academic.oup.com/annonc/article/30/7/1071/5489598#__prclt=Gj3qQmE6¬†‚Ä¶,[],['https://academic.oup.com/annonc/article/30/7/1071/5489598#__prclt=Gj3qQmE6'],[],0,1,3,[],[],https://twitter.com/drfatihavsar/status/1162797404506206210,False,,0,,,,,,,"[{'user_id': '1296810944', 'username': 'drfatihavsar'}]",
1162367981348777985,1162367981348777985,1565965097000,2019-08-16,09:18:17,CDT,52068070,venkymd,Venky (Venkatraman Radhakrishnan),,MRI detects cancer before mammogram in patients with familial breast cancer.  https://www.thelancet.com/journals/lanonc/article/PIIS1470-2045(19)30275-X/fulltext¬†‚Ä¶,[],['https://www.thelancet.com/journals/lanonc/article/PIIS1470-2045(19)30275-X/fulltext'],[],0,3,6,[],[],https://twitter.com/venkymd/status/1162367981348777985,False,,0,,,,,,,"[{'user_id': '52068070', 'username': 'venkymd'}]",
1162056998608703488,1162056998608703488,1565890953000,2019-08-15,12:42:33,CDT,260183486,lungcancer_bio,Lung Cancer News,,Specialist Recommendation on FBC Familial Breast Cancer Chemoprevention Prescribing: Some women are more likely to get breast cancer as it runs in their family they are at risk of familial breast cancer. There are medications called chemoprevention which‚Ä¶  http://bioportfol.io/RBHxFF¬†,[],['http://bioportfol.io/RBHxFF'],[],0,1,0,[],[],https://twitter.com/LungCancer_Bio/status/1162056998608703488,False,,0,,,,,,,"[{'user_id': '260183486', 'username': 'LungCancer_Bio'}]",
1162027289519022080,1162027289519022080,1565883869000,2019-08-15,10:44:29,CDT,2527289845,trialbulletin,TrialBulletin,,"Specialist Recommendation on FBC (Familial Breast Cancer) Chemoprevention Prescribing: Status: Enrolling by invitation,  Condition Summary: Familial Breast Cancer  http://bit.ly/2KMCbJt¬†",[],['http://bit.ly/2KMCbJt'],[],0,0,0,[],[],https://twitter.com/TrialBulletin/status/1162027289519022080,False,,0,,,,,,,"[{'user_id': '2527289845', 'username': 'TrialBulletin'}]",
1161977953653350400,1161977953653350400,1565872107000,2019-08-15,07:28:27,CDT,289893218,curehuntr,CureHuntr,,#clinicaltrial Specialist Recommendation on FBC (Familial Breast Cancer) Chemoprevention Prescribing  https://ift.tt/2Ze1Sfq¬†,[],['https://ift.tt/2Ze1Sfq'],[],0,0,0,['#clinicaltrial'],[],https://twitter.com/CureHuntr/status/1161977953653350400,False,,0,,,,,,,"[{'user_id': '289893218', 'username': 'CureHuntr'}]",
1161952010171834369,1161946843342934016,1565865921000,2019-08-15,05:45:21,CDT,409050778,flexigenius,YourAwesomePharmacist‚Ñ¢Ô∏è,,"Good Morning @alex_unrefined :  There are no much researches that one could use to establish that being a trans female is a risk factor for breast cancer like the BRC 1 & 2 genes, childbearing, familial involvement and so on..  But you could use the below:  https://doi.org/10.1136/bmj.l1652¬†‚Ä¶","['alex_unrefined', 'drolufunmilayo', 'trending_medic', 'aproko_doctor', 'ugwunnaejikem', 'pharmafactz', 'dlaureate']",['https://doi.org/10.1136/bmj.l1652'],[],1,0,1,[],[],https://twitter.com/flexigenius/status/1161952010171834369,False,,0,,,,,,,"[{'user_id': '409050778', 'username': 'flexigenius'}, {'user_id': '708668779', 'username': 'alex_unrefined'}, {'user_id': '553581707', 'username': 'DrOlufunmilayo'}, {'user_id': '845650396441923584', 'username': 'trending_medic'}, {'user_id': '308269557', 'username': 'aproko_doctor'}, {'user_id': '826853688052432896', 'username': 'UgwunnaEjikem'}, {'user_id': '634618385', 'username': 'PharmaFactz'}, {'user_id': '932235914', 'username': 'Dlaureate'}]",
1159744624845611008,1159744624845611008,1565339640000,2019-08-09,03:34:00,CDT,462330023,springercancer,SpringerCancer,,Check out the most cited article in 2019 so far from Familial Cancer: Risk of cancer other than breast or ovarian in individuals with BRCA1 and BRCA2 mutations.  Read for free with SharedIt:  https://rdcu.be/bM2F1¬† #FamilialCancer #cancerresearch pic.twitter.com/IHm2hXC9wq,[],['https://rdcu.be/bM2F1'],['https://pbs.twimg.com/media/EBNy8mEXkAEGaMt.jpg'],0,0,0,"['#familialcancer', '#cancerresearch']",[],https://twitter.com/SpringerCancer/status/1159744624845611008,False,,0,,,,,,,"[{'user_id': '462330023', 'username': 'SpringerCancer'}]",
1159181468205080576,1159181468205080576,1565205373000,2019-08-07,14:16:13,CDT,3240296269,larryllapin,Lawrence L. Lapin,,#IARTG #SFRTG #ITRTG Vera Boatwright won‚Äôt test for BRCA gene leading to familial killer-breast-cancer. The professional violinist dreads career-ending prophylactic surgery more than death‚Ä¶ Story in ADAM‚Ä¶ FOREVER at Amazon [ASIN: B00EUSMJDO]  http://www.amazon.com/dp/B00EUSMJDO¬†,[],['http://www.amazon.com/dp/B00EUSMJDO'],[],0,0,0,"['#iartg', '#sfrtg', '#itrtg']",[],https://twitter.com/LarryLLapin/status/1159181468205080576,False,,0,,,,,,,"[{'user_id': '3240296269', 'username': 'LarryLLapin'}]",
1158603670952562688,1158603670952562688,1565067615000,2019-08-06,00:00:15,CDT,700568400,kfshrc_research,ŸÖÿ±ŸÉÿ≤ ÿßŸÑÿ£ÿ®ÿ≠ÿßÿ´,,#KFSHRC_publications The role of BRCA1/2 in hereditary and familial breast and ovarian cancers.  http://bit.ly/333Jchl¬† pic.twitter.com/eo5APl4h1Z,[],['http://bit.ly/333Jchl'],['https://pbs.twimg.com/media/EBQv5fbW4AArNxY.jpg'],2,0,1,['#kfshrc_publications'],[],https://twitter.com/KFSHRC_Research/status/1158603670952562688,False,,0,,,,,,,"[{'user_id': '700568400', 'username': 'KFSHRC_Research'}]",
1158474225323323392,1158065759660183559,1565036753000,2019-08-05,15:25:53,CDT,826007066938589185,wilsusy,VIHIGA FINEST,,Eye opener : P53 is one of a million  tumour suppressor genes.Its mutation causes over 50 types of cancer. Breast cancer is highly familial stopping it is almost impossible  Cervical cancer is highly associated with HPV :vaccination can help Live and let live. Stop this cosmesis,"['wmnjoya', 'mulislera']",[],[],0,1,2,[],[],https://twitter.com/wilsusy/status/1158474225323323392,False,,0,,,,,,,"[{'user_id': '826007066938589185', 'username': 'wilsusy'}, {'user_id': '405874056', 'username': 'wmnjoya'}, {'user_id': '325415551', 'username': 'mulislera'}]",
1154908254608117760,1154908254608117760,1564186559000,2019-07-26,19:15:59,CDT,259617334,rjwhitfield,Robert Whitfield,,"MRI versus mammography for breast cancer screening in women with familial risk (FaMRIsc): a multicentre, randomised, controlled trial - The Lancet Oncology  https://www.thelancet.com/journals/lanonc/article/PIIS1470-2045(19)30275-X/fulltext¬†‚Ä¶",[],['https://www.thelancet.com/journals/lanonc/article/PIIS1470-2045(19)30275-X/fulltext'],[],0,0,1,[],[],https://twitter.com/rjwhitfield/status/1154908254608117760,False,,0,,,,,,,"[{'user_id': '259617334', 'username': 'rjwhitfield'}]",
1154852523456573440,1154852523456573440,1564173272000,2019-07-26,15:34:32,CDT,110427659,michellericeky,Michelle Rice,,"Annual #BoobSmooshingDay for me and received a negative result.   All jokes aside, if you have a familial history of breast cancer or any cancer, annual mammograms are a must. #TalkToYourDoctor‚Ä¶  https://www.instagram.com/p/B0ZL_BOBRmr/?igshid=xucgsutedsc3¬†‚Ä¶",[],['https://www.instagram.com/p/B0ZL_BOBRmr/?igshid=xucgsutedsc3'],[],0,0,1,"['#boobsmooshingday', '#talktoyourdoctor']",[],https://twitter.com/MichelleRiceKy/status/1154852523456573440,False,,0,,,,,,,"[{'user_id': '110427659', 'username': 'MichelleRiceKy'}]",
1154734002227445760,1154734002227445760,1564145014000,2019-07-26,07:43:34,CDT,147037163,movedoc,movedoc,,Regular Use of Aspirin and Other Non-Steroidal Anti-inflammatory Drugs and Breast Cancer Risk for Women at Familial or Genetic Risk  https://www.medscape.com/viewarticle/913394?nlid=130199_4803&src=WNL_mdplsfeat_190618_mscpedit_honc&uac=247347ER&spon=7&impID=1999439&faf=1¬†‚Ä¶,[],['https://www.medscape.com/viewarticle/913394?nlid=130199_4803&src=WNL_mdplsfeat_190618_mscpedit_honc&uac=247347ER&spon=7&impID=1999439&faf=1'],[],0,0,0,[],[],https://twitter.com/movedoc/status/1154734002227445760,False,,0,,,,,,,"[{'user_id': '147037163', 'username': 'movedoc'}]",
1154614893187915777,1154549691490562049,1564116616000,2019-07-25,23:50:16,CDT,767699256362708992,gmorrissonmd,Griffin Morrisson,,"Biopsy. We are not the urologists of 30 years ago, patients should have the choice to screen and catch these cancers early. Also there ARE genetic factors in prostate cancer including BRCA, and association with familial breast, ovarian, and pancreatic cancer, but currently","['drlindamd', 'keithppereira', 'markvsilvamd', 'vourganti', 'cigna', 'aetna']",[],[],1,0,5,[],[],https://twitter.com/gmorrissonmd/status/1154614893187915777,False,,0,,,,,,,"[{'user_id': '767699256362708992', 'username': 'gmorrissonmd'}, {'user_id': '1573873243', 'username': 'DrLindaMD'}, {'user_id': '2162735139', 'username': 'keithppereira'}, {'user_id': '3224545157', 'username': 'MarkVSilvaMD'}, {'user_id': '43196777', 'username': 'vourganti'}, {'user_id': '37687077', 'username': 'Cigna'}, {'user_id': '16188518', 'username': 'Aetna'}]",
1154107832867799040,1154107832867799040,1563995724000,2019-07-24,14:15:24,CDT,712583362,davidtamborero,David Tamborero,,Whole-genome sequencing reveals clinically relevant insights into the aetiology of familial breast cancers  https://academic.oup.com/annonc/article/30/7/1071/5489598#.XTiuSBKO5_0.twitter¬†‚Ä¶,[],['https://academic.oup.com/annonc/article/30/7/1071/5489598#.XTiuSBKO5_0.twitter'],[],0,0,4,[],[],https://twitter.com/DavidTamborero/status/1154107832867799040,False,,0,,,,,,,"[{'user_id': '712583362', 'username': 'DavidTamborero'}]",
1153025897781518338,1153025897781518338,1563737770000,2019-07-21,14:36:10,CDT,443929495,hawsawi55,Dr. Y.Hawsawi,,The role of BRCA1/2 in hereditary and familial breast and ovarian cancers - Hawsawi -  - Molecular Genetics & Genomic Medicine - Wiley Online Library  https://onlinelibrary.wiley.com/doi/abs/10.1002/mgg3.879#.XTS-kdH8vGI.twitter¬†‚Ä¶,[],['https://onlinelibrary.wiley.com/doi/abs/10.1002/mgg3.879#.XTS-kdH8vGI.twitter'],[],0,1,5,[],[],https://twitter.com/hawsawi55/status/1153025897781518338,False,,0,,,,,,,"[{'user_id': '443929495', 'username': 'hawsawi55'}]",
1151537738925117440,1151537738925117440,1563382966000,2019-07-17,12:02:46,CDT,588586596,cdc_genomics,CDC Genomics,,"Our #PHGKB hot topics of the day include familial hypercholesterolemia, hereditary breast and ovarian cancer, zip codes and genetic codes, and more. Check it out!  https://phgkb.cdc.gov/PHGKB/phgHome.action?action=all%20hot%20topics¬†‚Ä¶ pic.twitter.com/Bh7pZPuNhH",[],['https://phgkb.cdc.gov/PHGKB/phgHome.action?action=all%20hot%20topics'],['https://pbs.twimg.com/media/D_sVY6MXoAUsqZL.jpg'],0,0,1,['#phgkb'],[],https://twitter.com/CDC_Genomics/status/1151537738925117440,False,,0,,,,,,,"[{'user_id': '588586596', 'username': 'CDC_Genomics'}]",
1150027726398640128,1150027726398640128,1563022951000,2019-07-13,08:02:31,CDT,158823385,studycast,Studycast,,New studies show MRI breast screening is better for women with familial cancer risk. Check out the study and our LinkedIn post!  http://bit.ly/2jIHBvI¬† #BreastCancer #CureforCancer #CancerResearch #CancerGenes,[],['http://bit.ly/2jIHBvI'],[],0,0,0,"['#breastcancer', '#cureforcancer', '#cancerresearch', '#cancergenes']",[],https://twitter.com/Studycast/status/1150027726398640128,False,,0,,,,,,,"[{'user_id': '158823385', 'username': 'Studycast'}]",
1148863566713380864,1148863566713380864,1562745393000,2019-07-10,02:56:33,CDT,219643444,umcugenetica,UMC Utrecht Genetica,,"MRI versus mammography for breast cancer screening in women with familial risk (FaMRIsc): a multicentre, randomised, controlled trial.  https://www.ncbi.nlm.nih.gov/pubmed/31221620¬†",[],['https://www.ncbi.nlm.nih.gov/pubmed/31221620'],[],0,0,1,[],[],https://twitter.com/UMCUgenetica/status/1148863566713380864,False,,0,,,,,,,"[{'user_id': '219643444', 'username': 'UMCUgenetica'}]",
1148707911801200640,1148707911801200640,1562708282000,2019-07-09,16:38:02,CDT,78087256,breastguide,Kefah mokbel,,"MRI versus mammography for breast cancer screening in women with familial risk (FaMRIsc): a multicentre, randomised, controlled trial. - PubMed - NCBI  https://www.ncbi.nlm.nih.gov/pubmed/31221620/¬†‚Ä¶",[],['https://www.ncbi.nlm.nih.gov/pubmed/31221620/'],[],0,2,2,[],[],https://twitter.com/breastguide/status/1148707911801200640,False,,0,,,,,,,"[{'user_id': '78087256', 'username': 'breastguide'}]",
1148645044338995200,1148645044338995200,1562693294000,2019-07-09,12:28:14,CDT,2180315039,dr_calloway,Dr Daniel Calloway,,MRI Breast Screening Better for Women With Familial Cancer Risk #BreastCancer #MRI #mammogram #Ultrasound #PlasticSurgery #Surgery #Oncology #Radiology  https://www.medpagetoday.org/hematologyoncology/breastcancer/80844¬†‚Ä¶,[],['https://www.medpagetoday.org/hematologyoncology/breastcancer/80844'],[],0,0,0,"['#breastcancer', '#mri', '#mammogram', '#ultrasound', '#plasticsurgery', '#surgery', '#oncology', '#radiology']",[],https://twitter.com/Dr_Calloway/status/1148645044338995200,False,,0,,,,,,,"[{'user_id': '2180315039', 'username': 'Dr_Calloway'}]",
1148489393549672448,1148489384569651200,1562656183000,2019-07-09,02:09:43,CDT,1024324788615929857,rutterlab,Rutter Lab,,Previous studies at the time had indicated an increased risk of breast cancer in families with a documented history of the disease. Dr. King became convinced that these familial links were due to genetic mutations. 7/,[],[],[],1,0,3,[],[],https://twitter.com/RutterLab/status/1148489393549672448,False,,0,,,,,,,"[{'user_id': '1024324788615929857', 'username': 'RutterLab'}]",
1148402648263143424,1148402648263143424,1562635502000,2019-07-08,20:25:02,CDT,191596401,cqsum,QSUM,,MRI Breast Screening Better for Women With Familial Cancer Risk  http://ow.ly/kn4D50uTEVv¬†,[],['http://ow.ly/kn4D50uTEVv'],[],0,0,0,[],[],https://twitter.com/CQSUM/status/1148402648263143424,False,,0,,,,,,,"[{'user_id': '191596401', 'username': 'CQSUM'}]",
1147501723554144257,1147436628736139264,1562420705000,2019-07-06,08:45:05,CDT,1113175898608594944,mahmoud22367920,Mahmoud Sherif,,ÿßŸäŸàŸÜ ŸÖÿ¥ ŸÉŸÑ ÿßŸÑŸÜÿßÿ≥ ÿπŸÜÿØŸáÿß family hx ŸÑŸÑ breast Ca .. ŸÅŸä non familial breast cancer .. ÿßŸÜÿß ŸÉŸÜÿ™ ÿ≠ÿ∂ÿ±ÿ™ ŸÖÿπ ÿØŸÉÿ™Ÿàÿ± ÿßŸÑŸÖÿ∑ÿ±Ÿâ ÿ≤ŸÖÿßŸÜ ŸÉÿßŸÜ ÿ®ŸäŸÇŸàŸÑ ÿßŸÜ breast Ca ŸÑŸà ŸÉÿ®ÿ± ŸàÿπŸÖŸÑ mass ÿ∫ÿßŸÑÿ®ÿß ÿßŸÑÿπŸäÿßŸÜ ÿØÿß ÿØÿÆŸÑ ŸÅŸägrade 3 ŸÅÿßŸÜÿ™ ÿ®ÿ™ŸÑŸÇÿ∑Ÿá ŸÅŸä early stage ÿ®ÿßŸÑ screening ÿπÿ¥ÿßŸÜ ÿ™ŸÑÿ≠ŸÇ ÿ™ÿπŸÖŸÑ sentinel LN biopsy,['mennahelwan1'],[],[],1,0,0,[],[],https://twitter.com/Mahmoud22367920/status/1147501723554144257,False,,0,,,,,,,"[{'user_id': '1113175898608594944', 'username': 'Mahmoud22367920'}, {'user_id': '883623756945649664', 'username': 'Mennahelwan1'}]",
1147127740296048642,1147127740296048642,1562331540000,2019-07-05,07:59:00,CDT,1119900799105228801,groupzirigoza,Medical Zirigoza Group,,‚ò¢Ô∏è MRI Breast Screening Better for Women With Familial Cancer Risk üö©  https://buff.ly/2JoP0cl¬† üíâ #Medical #GroupZirigoza,[],['https://buff.ly/2JoP0cl'],[],0,0,0,"['#medical', '#groupzirigoza']",[],https://twitter.com/GroupZirigoza/status/1147127740296048642,False,,0,,,,,,,"[{'user_id': '1119900799105228801', 'username': 'GroupZirigoza'}]",
1147059600203616257,1147059600203616257,1562315294000,2019-07-05,03:28:14,CDT,1001221394435313665,feedhcp,HCP Feed,,"MRI Breast Screening Better for Women With Familial Cancer Risk,, https://www.hcpfeed.com/2019/07/03/mri-breast-screening-better-for-women-with-familial-cancer-risk/¬†‚Ä¶,",[],['https://www.hcpfeed.com/2019/07/03/mri-breast-screening-better-for-women-with-familial-cancer-risk/'],[],0,0,0,[],[],https://twitter.com/FeedHcp/status/1147059600203616257,False,,0,,,,,,,"[{'user_id': '1001221394435313665', 'username': 'FeedHcp'}]",
1147054303837732864,1147054303837732864,1562314031000,2019-07-05,03:07:11,CDT,3543229815,drcampbelllloyd,Dr A. Campbell-Lloyd,,Big big news for any patients considering genetic testing for familial breast cancer! @BCNAPinkLady @pinkhopeaus. Plenty of my patients who have put this off for fear of the impact it could have on their kids. https://twitter.com/Kaubo/status/1146981789136613377¬†‚Ä¶,"['bcnapinklady', 'pinkhopeaus']",['https://twitter.com/Kaubo/status/1146981789136613377'],[],1,5,5,[],[],https://twitter.com/drcampbelllloyd/status/1147054303837732864,False,https://twitter.com/Kaubo/status/1146981789136613377,0,,,,,,,"[{'user_id': '3543229815', 'username': 'drcampbelllloyd'}, {'user_id': '119519795', 'username': 'BCNAPinkLady'}, {'user_id': '26928661', 'username': 'pinkhopeaus'}]",
1146283157513211904,1146283157513211904,1562130176000,2019-07-03,00:02:56,CDT,2508197172,vanrooij_kim,Kim van Rooij,,"MRI versus mammography for breast cancer screening in women with familial risk (FaMRIsc): a multicentre, randomised, controlled trial - The Lancet Oncology  https://www.thelancet.com/journals/lanonc/article/PIIS1470-2045(19)30275-X/fulltext¬†‚Ä¶",[],['https://www.thelancet.com/journals/lanonc/article/PIIS1470-2045(19)30275-X/fulltext'],[],0,0,0,[],[],https://twitter.com/Vanrooij_kim/status/1146283157513211904,False,,0,,,,,,,"[{'user_id': '2508197172', 'username': 'Vanrooij_kim'}]",
1145997914981982210,1145997914981982210,1562062169000,2019-07-02,05:09:29,CDT,2295768584,doctick,doctick,,"#ehr ""Determining Onset for Familial Breast and Colorectal Cancer from Family History Comments in the Electronic Health Record.""  https://ift.tt/2JhP4KN¬†",[],['https://ift.tt/2JhP4KN'],[],0,0,0,['#ehr'],[],https://twitter.com/doctick/status/1145997914981982210,False,,0,,,,,,,"[{'user_id': '2295768584', 'username': 'doctick'}]",
1145996116762042370,1145996116762042370,1562061740000,2019-07-02,05:02:20,CDT,2295768584,doctick,doctick,,"#NLP ""Determining Onset for Familial Breast and Colorectal Cancer from Family History Comments in the Electronic Health Record.""  https://ift.tt/2JhP4KN¬†",[],['https://ift.tt/2JhP4KN'],[],0,0,0,['#nlp'],[],https://twitter.com/doctick/status/1145996116762042370,False,,0,,,,,,,"[{'user_id': '2295768584', 'username': 'doctick'}]",
1145766043136098304,1145766043136098304,1562006886000,2019-07-01,13:48:06,CDT,347882182,biosciencebio,Bioscience,,Genetic testing and insurance in Australia.: Genetic testing offers great benefit for the diagnosis of genetic conditions and√Çto identify and manage risk for conditions such as familial breast cancer. However potential personal insurance implications‚Ä¶  http://bioportfol.io/R7cnG7¬†,[],['http://bioportfol.io/R7cnG7'],[],0,1,0,[],[],https://twitter.com/BioscienceBio/status/1145766043136098304,False,,0,,,,,,,"[{'user_id': '347882182', 'username': 'BioscienceBio'}]",
1145741489278017537,1145741489278017537,1562001032000,2019-07-01,12:10:32,CDT,998905434001084416,muinjkhoury,Muin J. Khoury,,"Read @KUNRPublicRadio story about the @HealthyNV: Population genetic screening for familial hypercholesterolemia, Lynch syndrome and hereditary breast and ovarian cancer. #tier1  https://www.kunr.org/post/nevada-health-study-using-genetics-fight-disease-statewide#stream/0¬†‚Ä¶ &  https://healthynv.org/¬† pic.twitter.com/eGeZbHMrW8","['kunrpublicradio', 'healthynv']","['https://www.kunr.org/post/nevada-health-study-using-genetics-fight-disease-statewide#stream/0', 'https://healthynv.org/']","['https://pbs.twimg.com/media/D-Z9wnhXoAESMx8.jpg', 'https://pbs.twimg.com/media/D-Z9x6PW4AAHKSQ.jpg']",0,1,2,['#tier1'],[],https://twitter.com/MuinJKhoury/status/1145741489278017537,False,,0,,,,,,,"[{'user_id': '998905434001084416', 'username': 'MuinJKhoury'}, {'user_id': '151180047', 'username': 'KUNRPublicRadio'}, {'user_id': '1110281784', 'username': 'HealthyNV'}]",
1145722497767108608,1145722497767108608,1561996504000,2019-07-01,10:55:04,CDT,250094608,breastcancerbio,Breast Cancer News,,Is MRI or Mammography the Better Approach to Breast #cancer Screening: The FaMRIsc trial was designed to compare MRI and mammography screening in women with familial risk but no known specific driver mutation.  http://bioportfol.io/R7cGrB¬†,[],['http://bioportfol.io/R7cGrB'],[],0,2,0,['#cancer'],[],https://twitter.com/BreastCancerBio/status/1145722497767108608,False,,0,,,,,,,"[{'user_id': '250094608', 'username': 'BreastCancerBio'}]",
1145718981535252481,1145718981535252481,1561995666000,2019-07-01,10:41:06,CDT,1527281202,womens_womens,Women's Health News,,Is MRI or Mammography the Better Approach to Breast Cancer Screening: The FaMRIsc trial was designed to compare MRI and mammography screening in women with familial risk but no known specific driver mutation.  http://bioportfol.io/R7cDh6¬†,[],['http://bioportfol.io/R7cDh6'],[],0,1,0,[],[],https://twitter.com/womens_womens/status/1145718981535252481,False,,0,,,,,,,"[{'user_id': '1527281202', 'username': 'womens_womens'}]",
1145344428414050305,1145344428414050305,1561906365000,2019-06-30,09:52:45,CDT,843931662669021185,atomiccitydoc,"Philip Sharp,MD",,"MRI versus mammography for breast cancer screening in women with familial risk (FaMRIsc): a multicentre, randomised, controlled trial  https://www.thelancet.com/journals/lanonc/article/PIIS1470-2045(19)30275-X/fulltext#.XRjMtYjAkKQ.twitter¬†‚Ä¶",[],['https://www.thelancet.com/journals/lanonc/article/PIIS1470-2045(19)30275-X/fulltext#.XRjMtYjAkKQ.twitter'],[],0,0,0,[],[],https://twitter.com/AtomicCityDoc/status/1145344428414050305,False,,0,,,,,,,"[{'user_id': '843931662669021185', 'username': 'AtomicCityDoc'}]",
1145013711607742465,1145013711607742465,1561827516000,2019-06-29,11:58:36,CDT,2163818007,chocolatierep,Chocolatiere Phys,,Breast Cancer Screening With Addition of MRI to Mammography in Women With Familial Risk   https://www.ascopost.com/News/60201¬† via @rightrelevance thanks @ascopost,"['rightrelevance', 'ascopost']",['https://www.ascopost.com/News/60201'],[],0,0,0,[],[],https://twitter.com/ChocolatiereP/status/1145013711607742465,False,,0,,,,,,,"[{'user_id': '2163818007', 'username': 'ChocolatiereP'}, {'user_id': '2511461743', 'username': 'rightrelevance'}, {'user_id': '96994334', 'username': 'ASCOPost'}]",
1145006764234067968,1145006764234067968,1561825860000,2019-06-29,11:31:00,CDT,96994334,ascopost,The ASCO Post,,Breast Cancer #Screening With Addition of MRI to Mammography in Women With Familial Risk  https://www.ascopost.com/News/60201¬† #bcsm #oncology,[],['https://www.ascopost.com/News/60201'],[],0,1,7,"['#screening', '#bcsm', '#oncology']",[],https://twitter.com/ASCOPost/status/1145006764234067968,False,,0,,,,,,,"[{'user_id': '96994334', 'username': 'ASCOPost'}]",
1144666849017131008,1144666849017131008,1561744818000,2019-06-28,13:00:18,CDT,427929832,priteshskaria,Pritesh S. Karia,,Congratulations @marcylschaeffer on a great dissertation defense on preventing cancers in women with a familial breast cancer risk @JohnsHopkinsEPI pic.twitter.com/aQGKzFjjFM,"['marcylschaeffer', 'johnshopkinsepi']",[],['https://pbs.twimg.com/media/D-Ksbf9VAAEJzLq.jpg'],2,1,23,[],[],https://twitter.com/PriteshSKaria/status/1144666849017131008,False,,0,,,,,,,"[{'user_id': '427929832', 'username': 'PriteshSKaria'}, {'user_id': '956331494355689472', 'username': 'marcylschaeffer'}, {'user_id': '3151494346', 'username': 'JohnsHopkinsEPI'}]",
1144583727345020928,1144583727345020928,1561725000000,2019-06-28,07:30:00,CDT,3151494346,johnshopkinsepi,JHSPH Epidemiology,,@marcylschaeffer presents her final defense seminar today at 1 pm: preventing cancers in women with familial breast cancer risk.  pic.twitter.com/wL8mvfuVLy,['marcylschaeffer'],[],['https://pbs.twimg.com/media/D96I20zU0AAwXSx.jpg'],0,0,7,[],[],https://twitter.com/JohnsHopkinsEPI/status/1144583727345020928,False,,0,,,,,,,"[{'user_id': '3151494346', 'username': 'JohnsHopkinsEPI'}, {'user_id': '956331494355689472', 'username': 'marcylschaeffer'}]",
1144567773126975488,1144567773126975488,1561721196000,2019-06-28,06:26:36,CDT,51331420,drcarlosgp,carlos guerrero,,MRI vs Mammography for Breast Cancer Screening in Women With Familial Risk  http://prac.co/l/yy6jdsca¬† v√≠a @practiceupdate,['practiceupdate'],['http://prac.co/l/yy6jdsca'],[],0,0,0,[],[],https://twitter.com/drcarlosgp/status/1144567773126975488,False,,0,,,,,,,"[{'user_id': '51331420', 'username': 'drcarlosgp'}, {'user_id': '928719404', 'username': 'practiceupdate'}]",
1143894893770805249,1143894893770805249,1561560769000,2019-06-26,09:52:49,CDT,203469783,senology,Senology,,#BestStudyoftheDay: MRI versus mammography for breast cancer screening in women with familial risk¬†  https://www.thelancet.com/journals/lanonc/article/PIIS1470-2045(19)30275-X/fulltext¬†‚Ä¶  - Lancet Oncology - #breast #cancer #oncology #senology #screening #mammography #MRI #tumori #seno #mammella #oncologia #senologia #mammografia,[],['https://www.thelancet.com/journals/lanonc/article/PIIS1470-2045(19)30275-X/fulltext'],[],0,0,1,"['#beststudyoftheday', '#breast', '#cancer', '#oncology', '#senology', '#screening', '#mammography', '#mri', '#tumori', '#seno', '#mammella', '#oncologia', '#senologia', '#mammografia']",[],https://twitter.com/Senology/status/1143894893770805249,False,,0,,,,,,,"[{'user_id': '203469783', 'username': 'Senology'}]",
1143550937014816769,1143550937014816769,1561478764000,2019-06-25,11:06:04,CDT,28173797,mbholistic,Monterey Holistic,,"Effect of Diets, Familial History, and Alternative Therapies on Genomic Instability of Breast Cancer Patients.  http://dlvr.it/R7FtMv¬† #PubMed #Complimentary #AlternativeMedicine",[],['http://dlvr.it/R7FtMv'],[],0,0,0,"['#pubmed', '#complimentary', '#alternativemedicine']",[],https://twitter.com/MBHolistic/status/1143550937014816769,False,,0,,,,,,,"[{'user_id': '28173797', 'username': 'MBHolistic'}]",
1143497317355442176,1143497317355442176,1561465980000,2019-06-25,07:33:00,CDT,1900641278,bestbreastnews,BestBreastNews,,Trial studies effectiveness of MRI vs mammography for breast cancer screening in women with familial risk   https://bit.ly/2XXvHN8¬† pic.twitter.com/BA9koEM4mt,[],['https://bit.ly/2XXvHN8'],['https://pbs.twimg.com/media/D9WmR7zXkAEwBeL.jpg'],0,0,0,[],[],https://twitter.com/BestBreastNews/status/1143497317355442176,False,,0,,,,,,,"[{'user_id': '1900641278', 'username': 'BestBreastNews'}]",
1143494904238268417,1143494904238268417,1561465404000,2019-06-25,07:23:24,CDT,282761637,ihatebreastcanc,Katherine OBrien,,I wonder what‚Äôs the insurance situation is. have never seen the stat re those with familial breast cancer hx but no known genetic mutation (pegged at 15 % here)    https://www.thelancet.com/journals/lanonc/article/PIIS1470-2045(19)30275-X/fulltext¬†‚Ä¶ https://twitter.com/ChocolatiereP/status/1143492031660089345¬†‚Ä¶,[],"['https://www.thelancet.com/journals/lanonc/article/PIIS1470-2045(19)30275-X/fulltext', 'https://twitter.com/ChocolatiereP/status/1143492031660089345']",[],0,0,1,[],[],https://twitter.com/ihatebreastcanc/status/1143494904238268417,False,https://twitter.com/ChocolatiereP/status/1143492031660089345,0,,,,,,,"[{'user_id': '282761637', 'username': 'ihatebreastcanc'}]",
1143262521538646017,1143262521538646017,1561410000000,2019-06-24,16:00:00,CDT,81855337,univadisuk,Univadis UK,,"Annual MRI plus biennial mammography detects more breast cancer and at an earlier stage than annual mammography in women with familial risk but no mutations in BRCA1, BRCA2, and TP53 genes.  http://bit.ly/2WXDNJc¬† pic.twitter.com/PThvtT3PUg",[],['http://bit.ly/2WXDNJc'],['https://pbs.twimg.com/media/D90P17GUEAApTeM.jpg'],0,3,2,[],[],https://twitter.com/univadisUK/status/1143262521538646017,False,,0,,,,,,,"[{'user_id': '81855337', 'username': 'univadisUK'}]",
1142862916741238784,1142862916741238784,1561314727000,2019-06-23,13:32:07,CDT,260164505,gerd_bio,BioPortfolio GERD,,BRCA mutation characteristics in a series of index cases of breast cancer selected independent of family history.: Certain genetic predisposition factors such as BRCA1 and BRCA2 mutations play a pivotal role in familial breast‚Ä¶  http://bioportfol.io/R77jJT¬† #GERD #gastroenterology,[],['http://bioportfol.io/R77jJT'],[],0,1,0,"['#gerd', '#gastroenterology']",[],https://twitter.com/GERD_Bio/status/1142862916741238784,False,,0,,,,,,,"[{'user_id': '260164505', 'username': 'GERD_Bio'}]",
1142859637542154240,1142859637542154240,1561313945000,2019-06-23,13:19:05,CDT,250094608,breastcancerbio,Breast Cancer News,,BRCA mutation characteristics in a series of index cases of breast #cancer selected independent of family history.: Certain genetic predisposition factors such as BRCA1 and BRCA2 mutations play a pivotal role in familial breast #cancer development in‚Ä¶  http://bioportfol.io/R77h09¬†,[],['http://bioportfol.io/R77h09'],[],0,2,0,"['#cancer', '#cancer']",[],https://twitter.com/BreastCancerBio/status/1142859637542154240,False,,0,,,,,,,"[{'user_id': '250094608', 'username': 'BreastCancerBio'}]",
1142651527997165570,1142651527997165570,1561264328000,2019-06-22,23:32:08,CDT,43878249,anikho,dr. anita khokhar,,MRI superior to mammography for earlier breast cancer detection in women with familial risk: Lancet  https://speciality.medicaldialogues.in/mri-superior-to-mammography-for-earlier-breast-cancer-detection-in-women-with-familial-risk-lancet/¬†‚Ä¶,[],['https://speciality.medicaldialogues.in/mri-superior-to-mammography-for-earlier-breast-cancer-detection-in-women-with-familial-risk-lancet/'],[],0,0,0,[],[],https://twitter.com/anikho/status/1142651527997165570,False,,0,,,,,,,"[{'user_id': '43878249', 'username': 'anikho'}]",
1142462339389841409,1142462339389841409,1561219222000,2019-06-22,11:00:22,CDT,14501400,epocrates,Epocrates,,Mammography or MRI for breast cancer screening in women with familial risk? Via @TheLancet.  http://bit.ly/2ZGvDSC¬† pic.twitter.com/vfoLxRDxun,['thelancet'],['http://bit.ly/2ZGvDSC'],['https://pbs.twimg.com/media/D9rXcXoWkAA3xjr.jpg'],0,0,1,[],[],https://twitter.com/Epocrates/status/1142462339389841409,False,,0,,,,,,,"[{'user_id': '14501400', 'username': 'Epocrates'}, {'user_id': '27013292', 'username': 'TheLancet'}]",
1142023207865765888,1142023207865765888,1561114525000,2019-06-21,05:55:25,CDT,843520700535201792,breastdense,Being Dense,,In extremely dense breasts cancer 4-6 times more likely than in fatty breasts #densebreasts stronger predictor for #breastcancer than familial risk #TellWomen Irish women not routinely told @cathyleemedia @BreastAdvocate @irishmednews @IrishPatients pic.twitter.com/fFqtemTZCz,"['cathyleemedia', 'breastadvocate', 'irishmednews', 'irishpatients']",[],['https://pbs.twimg.com/media/D9lIDQLWwAAC-XP.jpg'],0,10,14,"['#densebreasts', '#breastcancer', '#tellwomen']",[],https://twitter.com/BreastDense/status/1142023207865765888,False,,0,,,,,,,"[{'user_id': '843520700535201792', 'username': 'BreastDense'}, {'user_id': '2924891636', 'username': 'cathyleemedia'}, {'user_id': '3281500212', 'username': 'BreastAdvocate'}, {'user_id': '701795686023614465', 'username': 'irishmednews'}, {'user_id': '106430009', 'username': 'IrishPatients'}]",
1141888599320924161,1141888599320924161,1561082431000,2019-06-20,21:00:31,CDT,286202279,salimalrahbi,ÿ≥ÿßŸÑŸÖ ÿßŸÑÿ±ÿ≠ÿ®Ÿä,,"MRI versus mammography for breast cancer screening in women with familial risk (FaMRIsc): a multicentre, randomised, controlled trial - The Lancet Oncology  https://www.thelancet.com/journals/lanonc/article/PIIS1470-2045(19)30275-X/fulltext¬†‚Ä¶",[],['https://www.thelancet.com/journals/lanonc/article/PIIS1470-2045(19)30275-X/fulltext'],[],0,2,4,[],[],https://twitter.com/salimalrahbi/status/1141888599320924161,False,,0,,,,,,,"[{'user_id': '286202279', 'username': 'salimalrahbi'}]",
1141817195997085707,1141817195997085707,1561065408000,2019-06-20,16:16:48,CDT,843520700535201792,breastdense,Being Dense,,In extremely dense breasts cancer 4-6 times more likely than in fatty breasts #densebreasts stronger predictor for #breastcancer than familial risk #TellWomen @NWCI @Lucy_HaH @MarieKeating @IrishPatients @JBBC @Breast360 https://www.unpavedroadproductions.com/blog/breast-density¬†‚Ä¶,"['nwci', 'lucy_hah', 'mariekeating', 'irishpatients', 'jbbc', 'breast360']",['https://www.unpavedroadproductions.com/blog/breast-density'],[],0,2,7,"['#densebreasts', '#breastcancer', '#tellwomen']",[],https://twitter.com/BreastDense/status/1141817195997085707,False,,0,,,,,,,"[{'user_id': '843520700535201792', 'username': 'BreastDense'}, {'user_id': '58796971', 'username': 'NWCI'}, {'user_id': '4766576421', 'username': 'Lucy_HaH'}, {'user_id': '72808326', 'username': 'MarieKeating'}, {'user_id': '106430009', 'username': 'IrishPatients'}, {'user_id': '21187896', 'username': 'JBBC'}, {'user_id': '757768447367544832', 'username': 'Breast360'}]",
1141710117517373440,1141710117517373440,1561039878000,2019-06-20,09:11:18,CDT,78087256,breastguide,Kefah mokbel,,"MRI versus mammography for breast cancer screening in women with familial risk (FaMRIsc): a multicentre, randomised, controlled trial - The Lancet Oncology  https://www.thelancet.com/journals/lanonc/article/PIIS1470-2045(19)30275-X/fulltext?rss=yes¬†‚Ä¶",[],['https://www.thelancet.com/journals/lanonc/article/PIIS1470-2045(19)30275-X/fulltext?rss=yes'],[],0,0,0,[],[],https://twitter.com/breastguide/status/1141710117517373440,False,,0,,,,,,,"[{'user_id': '78087256', 'username': 'breastguide'}]",
1141460733399638016,1141460733399638016,1560980420000,2019-06-19,16:40:20,CDT,2776438943,heatherhealth,Heather Vandeburg,,Aspirin or NSAIDs for Familial Risk of Breast Cancer  https://www.medscape.com/viewarticle/913394?nlid=130199_4801&src=WNL_mdplsfeat_190618_mscpedit_honc&uac=81811PN&spon=7&impID=1999413&faf=1¬†‚Ä¶,[],['https://www.medscape.com/viewarticle/913394?nlid=130199_4801&src=WNL_mdplsfeat_190618_mscpedit_honc&uac=81811PN&spon=7&impID=1999413&faf=1'],[],0,0,0,[],[],https://twitter.com/HeatherHealth/status/1141460733399638016,False,,0,,,,,,,"[{'user_id': '2776438943', 'username': 'HeatherHealth'}]",
1141451237080088580,1141451237080088580,1560978156000,2019-06-19,16:02:36,CDT,365708449,1londonbreast,Paul Thiruchelvam,,"MRI vs mammo for #breastcancer #screening in women with familial risk (FaMRIsc): a multicentre, RCT @TheLancetOncol. High risk pts (>20%), BRCA1/2/tp53 wild type. n=1355, MRI+mammo vs mammo detected more, smaller breast cancers (40 vs 15) & 9mm vs 17mm respectively @BreastDense pic.twitter.com/FRJGV0JBI4","['thelancetoncol', 'breastdense']",[],"['https://pbs.twimg.com/media/D9c_GaPWsAAvExP.jpg', 'https://pbs.twimg.com/media/D9c_HwPWsAAGosa.jpg', 'https://pbs.twimg.com/media/D9c_I7yX4AYT-o8.jpg', 'https://pbs.twimg.com/media/D9c_KmhWkAEDsy4.jpg']",4,23,50,"['#breastcancer', '#screening']",[],https://twitter.com/1LondonBreast/status/1141451237080088580,False,,0,,,,,,,"[{'user_id': '365708449', 'username': '1LondonBreast'}, {'user_id': '50265238', 'username': 'TheLancetOncol'}, {'user_id': '843520700535201792', 'username': 'BreastDense'}]",
1141340733447778304,1141340733447778304,1560951810000,2019-06-19,08:43:30,CDT,882143652553928704,eusobiyc,EUSOBI,,"Very interesting results of #Breast MRI versus mammography for breast cancer screening in women with familial risk (FaMRIsc): a multicentre, randomised, controlled trial  https://www.thelancet.com/journals/lanonc/article/PIIS1470-2045(19)30275-X/fulltext#seccestitle10¬†‚Ä¶ #screening #highrisk",[],['https://www.thelancet.com/journals/lanonc/article/PIIS1470-2045(19)30275-X/fulltext#seccestitle10'],[],0,2,4,"['#breast', '#screening', '#highrisk']",[],https://twitter.com/EUSOBIyc/status/1141340733447778304,False,,0,,,,,,,"[{'user_id': '882143652553928704', 'username': 'EUSOBIyc'}]",
1141259006859796480,1141259006859796480,1560932325000,2019-06-19,03:18:45,CDT,244187818,ricklin4th,Rick Linforth,,Aspirin or NSAIDs for Familial Risk of Breast Cancer  https://www.medscape.com/viewarticle/913394¬†‚Ä¶,[],['https://www.medscape.com/viewarticle/913394'],[],0,0,0,[],[],https://twitter.com/RICKLIN4TH/status/1141259006859796480,False,,0,,,,,,,"[{'user_id': '244187818', 'username': 'RICKLIN4TH'}]",
1141210537113653248,1141210537113653248,1560920769000,2019-06-19,00:06:09,CDT,58194553,oncologo1,Orlando Dania V.,,Regular use of aspirin and COX-2 inhibitors might reduce breast cancer risk for women at familial or genetic risk.  pic.twitter.com/021Rfpn5bv,[],[],[],0,0,0,[],[],https://twitter.com/oncologo1/status/1141210537113653248,False,,1,,,,,,,"[{'user_id': '58194553', 'username': 'oncologo1'}]",
1141192679935447041,1141192679935447041,1560916511000,2019-06-18,22:55:11,CDT,1126719541436805120,abirambrishti,Abiram Brishti.P. A.G (SB.B.C.SING.R.N.THAKUR.TL),,"MRI versus mammography for breast cancer screening in women with familial risk (FaMRIsc): a multicentre, randomised, controlled trial  https://www.thelancet.com/journals/lanonc/article/PIIS1470-2045(19)30275-X/fulltext#.XQmyFiEANiU.twitter¬†‚Ä¶",[],['https://www.thelancet.com/journals/lanonc/article/PIIS1470-2045(19)30275-X/fulltext#.XQmyFiEANiU.twitter'],[],0,0,2,[],[],https://twitter.com/AbiramBrishti/status/1141192679935447041,False,,0,,,,,,,"[{'user_id': '1126719541436805120', 'username': 'AbiramBrishti'}]",
1141053061164441600,1141050573749399557,1560883224000,2019-06-18,13:40:24,CDT,12700202,shitlordreflex,California Delenda Est.,,"we all carry the seeds of our own destruction. some of us have brca mutations that mean we get breast cancer. othera have a familial tendency to get dementia or diabetes. if this dumbass‚Äôs conclusion were taken all the way to its end, no one would ever breed",['gormogons'],[],[],0,0,0,[],[],https://twitter.com/ShitLordReflex/status/1141053061164441600,False,,0,,,,,,,"[{'user_id': '12700202', 'username': 'ShitLordReflex'}, {'user_id': '100413913', 'username': 'Gormogons'}]",
1140973987616497665,1140973987616497665,1560864371000,2019-06-18,08:26:11,CDT,556053275,boobstagramm,boobstagramm,,"MRI versus mammography for breast cancer screening in women with familial risk (FaMRIsc): a multicentre, randomised, controlled trial - The Lancet  http://bit.ly/2InVVD2¬†",[],['http://bit.ly/2InVVD2'],[],0,0,0,[],[],https://twitter.com/boobstagramm/status/1140973987616497665,False,,0,,,,,,,"[{'user_id': '556053275', 'username': 'boobstagramm'}]",
1140752255919902721,1140752255919902721,1560811506000,2019-06-17,17:45:06,CDT,247395947,cancer_bio,Cancer News,,"[Articles] MRI versus mammography for breast cancer screening in women with familial risk (FaMRIsc): a multicentre, randomised, controlled trial: MRI screening detected cancers at an earlier stage than mammography. The lower number of late-stage‚Ä¶  http://bioportfol.io/R6nXBB¬† #Cancer",[],['http://bioportfol.io/R6nXBB'],[],0,0,0,['#cancer'],[],https://twitter.com/Cancer_bio/status/1140752255919902721,False,,0,,,,,,,"[{'user_id': '247395947', 'username': 'Cancer_bio'}]",
1140337837520367616,1140249919669841920,1560712701000,2019-06-16,14:18:21,CDT,843520700535201792,breastdense,Being Dense,,"Breast Density is a predominant risk factor for #BreastCancer even bigger than Familial risk. #Breastdensity shows up white on a Mammogram, breast cancer shows white too and therefore can be masked. Most women do not know.  http://Beingdense.com¬† #TellWomen pic.twitter.com/X0hcwAsYay",['irishhealthhour'],['http://Beingdense.com'],"['https://pbs.twimg.com/media/D9NLL99XkAApjcE.jpg', 'https://pbs.twimg.com/media/D9NLMYDXsAAIazJ.jpg', 'https://pbs.twimg.com/media/D9NLMxXXYAUY7_Y.jpg', 'https://pbs.twimg.com/media/D9NLNV-X4AIPrle.jpg']",1,0,1,"['#breastcancer', '#breastdensity', '#tellwomen']",[],https://twitter.com/BreastDense/status/1140337837520367616,False,,0,,,,,,,"[{'user_id': '843520700535201792', 'username': 'BreastDense'}, {'user_id': '3345602470', 'username': 'irishhealthhour'}]",
1140093688598552576,1140089717037256705,1560654491000,2019-06-15,22:08:11,CDT,832620827833094147,wellnesstvgroup,HealthWellnessCapitalGroup,,"This research team is looking at the occurrence of important inherited genetic variants that increase the risk of certain diseases. These include Familial #Hypercholesterolemia, #Hereditary #Breast, and #Ovarian #Cancer Syndrome and #Lynch Syndrome.",[],[],[],1,0,0,"['#hypercholesterolemia', '#hereditary', '#breast', '#ovarian', '#cancer', '#lynch']",[],https://twitter.com/WellnessTVGroup/status/1140093688598552576,False,,0,,,,,,,"[{'user_id': '832620827833094147', 'username': 'WellnessTVGroup'}]",
1138992210622472192,1138992210622472192,1560391879000,2019-06-12,21:11:19,CDT,70804796,inejalina,Arya Anthony Stark,,"20. I had a lump for a while but I was scared because I have a familial history of breast cancer. It ended up being a fibroadenoma which is noncancerous. It's generally common, but even more common in BW.  https://twitter.com/MakeupForWOC/status/1138985622612467713¬†‚Ä¶",[],['https://twitter.com/MakeupForWOC/status/1138985622612467713'],[],1,5,18,[],[],https://twitter.com/InejAlina/status/1138992210622472192,False,https://twitter.com/MakeupForWOC/status/1138985622612467713,0,,,,,,,"[{'user_id': '70804796', 'username': 'InejAlina'}]",
1138796850167726080,1138793583689887745,1560345301000,2019-06-12,08:15:01,CDT,1697120689,a_newaza,ŸÜŸäŸàÿßÿ≤ÿß ÂØùÊ•≠,,"Genetics. Chinese has low dehydrogenase enzyme to break down alcohol. Thus, flushing.   Therefore 10x-20x oesophageal, liver, stomach and colon cancer.  Familial genetics pula menyebabkan high ovarian and breast ca.  And other multifactorial causes",['enterinq_'],[],[],0,0,0,[],[],https://twitter.com/A_Newaza/status/1138796850167726080,False,,0,,,,,,,"[{'user_id': '1697120689', 'username': 'A_Newaza'}, {'user_id': '1093883118019174402', 'username': 'enterinq_'}]",
1138672570704809985,1138672570704809985,1560315671000,2019-06-12,00:01:11,CDT,556053275,boobstagramm,boobstagramm,,Aspirin or NSAIDs for Familial Risk of Breast Cancer - Medscape  https://wb.md/2WElhp5¬†,[],['https://wb.md/2WElhp5'],[],0,0,0,[],[],https://twitter.com/boobstagramm/status/1138672570704809985,False,,0,,,,,,,"[{'user_id': '556053275', 'username': 'boobstagramm'}]",
1138382929925746689,1138382929925746689,1560246615000,2019-06-11,04:50:15,CDT,556053275,boobstagramm,boobstagramm,,Aspirin or NSAIDs for Familial Risk of Breast Cancer - Medscape  https://wb.md/2WElhp5¬†,[],['https://wb.md/2WElhp5'],[],0,0,0,[],[],https://twitter.com/boobstagramm/status/1138382929925746689,False,,0,,,,,,,"[{'user_id': '556053275', 'username': 'boobstagramm'}]",
1138273782521573376,1137100279894224896,1560220592000,2019-06-10,21:36:32,CDT,101842155,ottawatts,#SCIENCEMATTERS üî¨‚öóüìîüîéüíâ‚ôªüåéüåä,,"Don't worry Diane, lots of views and most have little science or data to support them. With the increased risk of breast cancer in association with other familial risks, hormonal birth control usage should be monitored and not given OTC status.","['dianahollins', 'pookietooth', 'aoc', 'renealeahy']",[],[],0,1,1,[],[],https://twitter.com/ottawatts/status/1138273782521573376,False,,0,,,,,,,"[{'user_id': '101842155', 'username': 'ottawatts'}, {'user_id': '303433851', 'username': 'DianaHollins'}, {'user_id': '140166872', 'username': 'pookietooth'}, {'user_id': '138203134', 'username': 'AOC'}, {'user_id': '3257313002', 'username': 'ReneaLeahy'}]",
1137435768308191232,1137435768308191232,1560020794000,2019-06-08,14:06:34,CDT,252679524,neurology_bio,Neurology News,,The Spectrum of Mutations Predisposing to Familial Breast Cancer in Poland.: To optimize genetic testing it is necessary to establish the spectrum of breast cancer predisposing mutations in particular ethnic groups. We studied 1018 women with a strong‚Ä¶  http://bioportfol.io/R6GQH3¬†,[],['http://bioportfol.io/R6GQH3'],[],0,1,0,[],[],https://twitter.com/Neurology_Bio/status/1137435768308191232,False,,0,,,,,,,"[{'user_id': '252679524', 'username': 'Neurology_Bio'}]",
1137200613157040129,1137200613157040129,1559964728000,2019-06-07,22:32:08,CDT,2163818007,chocolatierep,Chocolatiere Phys,,High-Resolution Bisulfite-Sequencing of Peripheral Blood DNA Methylation in Early-Onset and Familial Risk Breast Cancer Patients  http://clincancerres.aacrjournals.org/content/early/2019/06/07/1078-0432.CCR-18-2423¬†‚Ä¶ via @rightrelevance thanks @cancercurenow,"['rightrelevance', 'cancercurenow']",['http://clincancerres.aacrjournals.org/content/early/2019/06/07/1078-0432.CCR-18-2423'],[],0,0,0,[],[],https://twitter.com/ChocolatiereP/status/1137200613157040129,False,,0,,,,,,,"[{'user_id': '2163818007', 'username': 'ChocolatiereP'}, {'user_id': '2511461743', 'username': 'rightrelevance'}, {'user_id': '193691326', 'username': 'CancerCureNow'}]",
1137119993404043265,1137119993404043265,1559945507000,2019-06-07,17:11:47,CDT,193691326,cancercurenow,Cure Cancer Now,,High-Resolution Bisulfite-Sequencing of Peripheral Blood DNA Methylation in Early-Onset and Familial Risk Breast Cancer Patients  http://clincancerres.aacrjournals.org/content/early/2019/06/07/1078-0432.CCR-18-2423¬†‚Ä¶,[],['http://clincancerres.aacrjournals.org/content/early/2019/06/07/1078-0432.CCR-18-2423'],[],0,0,0,[],[],https://twitter.com/CancerCureNow/status/1137119993404043265,False,,0,,,,,,,"[{'user_id': '193691326', 'username': 'CancerCureNow'}]",
1136450406362615808,1135680280847474688,1559785865000,2019-06-05,20:51:05,CDT,21438704,drealities,Tiffany,,I know. I‚Äôve worked in critical care for a long time. Familial history will usually provide many clues. Example: two brothers in the same family get breast cancer (out of 3% of men) and one dies of it. I‚Äôve seen it happen. Everyone in that family was referred for testing.,"['svetlana1svetla', 'davevescio']",[],[],0,0,0,[],[],https://twitter.com/drealities/status/1136450406362615808,False,,0,,,,,,,"[{'user_id': '21438704', 'username': 'drealities'}, {'user_id': '949768932298252289', 'username': 'Svetlana1svetla'}, {'user_id': '35595347', 'username': 'DaveVescio'}]",
1135363347514241024,1135363347514241024,1559526690000,2019-06-02,20:51:30,CDT,871691223056224257,stevenlane_qimr,steven lane,,Very nice paper from @QIMRBerghofer Cancer Program - using WGS to understand the genetic cause of familial breast cancer #cancerresearch #qimrberghofer https://academic.oup.com/annonc/advance-article/doi/10.1093/annonc/mdz132/5489598¬†‚Ä¶,['qimrberghofer'],['https://academic.oup.com/annonc/advance-article/doi/10.1093/annonc/mdz132/5489598'],[],0,2,6,"['#cancerresearch', '#qimrberghofer']",[],https://twitter.com/StevenLane_QIMR/status/1135363347514241024,False,,0,,,,,,,"[{'user_id': '871691223056224257', 'username': 'StevenLane_QIMR'}, {'user_id': '235105244', 'username': 'QIMRBerghofer'}]",
1134890118437675008,1134890118437675008,1559413864000,2019-06-01,13:31:04,CDT,180176859,readers_escape,Readers Escape,,Breast cancer and Prostate cancer influences....familial histories #ProstateCancerAwareness #EarlyDiagnosis @iSouthsideCC,['isouthsidecc'],[],[],0,0,0,"['#prostatecancerawareness', '#earlydiagnosis']",[],https://twitter.com/Readers_Escape/status/1134890118437675008,False,,0,,,,,,,"[{'user_id': '180176859', 'username': 'Readers_Escape'}, {'user_id': '2314103161', 'username': 'iSouthsideCC'}]",
1133780100439203840,1133780100439203840,1559149215000,2019-05-29,12:00:15,CDT,3240296269,larryllapin,Lawrence L. Lapin,,#IARTG #SFRTG #ITRTG Vera Boatwright won‚Äôt test for BRCA gene leading to familial killer-breast-cancer. The professional violinist dreads career-ending prophylactic surgery more than death‚Ä¶ Story in ADAM‚Ä¶ FOREVER at Amazon [ASIN: B00EUSMJDO]  http://www.amazon.com/dp/B00EUSMJDO¬†,[],['http://www.amazon.com/dp/B00EUSMJDO'],[],0,0,0,"['#iartg', '#sfrtg', '#itrtg']",[],https://twitter.com/LarryLLapin/status/1133780100439203840,False,,0,,,,,,,"[{'user_id': '3240296269', 'username': 'LarryLLapin'}]",
1133750992321822720,1133750992321822720,1559142275000,2019-05-29,10:04:35,CDT,998905434001084416,muinjkhoury,Muin J. Khoury,,"Population Health Genetic Screening for Familial Hypercholesterolemia, Lynch Syndrome and Hereditary Breast and Ovarian Cancer in Northern Nevada: 90% of at-risk carriers are missed. #tier1 Via @biorxiv_genetic  https://www.biorxiv.org/content/10.1101/650549v1¬†‚Ä¶ pic.twitter.com/dne61UbBf6",['biorxiv_genetic'],['https://www.biorxiv.org/content/10.1101/650549v1'],['https://pbs.twimg.com/media/D7vkfi9XsAA7IQq.png'],0,3,2,['#tier1'],[],https://twitter.com/MuinJKhoury/status/1133750992321822720,False,,0,,,,,,,"[{'user_id': '998905434001084416', 'username': 'MuinJKhoury'}, {'user_id': '748229398520791040', 'username': 'biorxiv_genetic'}]",
1133589133132042241,1133543506247479296,1559103685000,2019-05-28,23:21:25,CDT,854060660367306752,socalcraftygal,kelsey,,"Low-dose radiation from annual mammography screening may increase breast cancer risk in women with genetic or familial predisposition to breast cancer, according to a study presented today at the annual meeting of the Radiological Society of North America (RSNA).Dec 1, 2009","['germz86', 'allabouttrh', 'lisarinna', 'kylerichards']",[],[],1,0,1,[],[],https://twitter.com/socalcraftygal/status/1133589133132042241,False,,0,,,,,,,"[{'user_id': '854060660367306752', 'username': 'socalcraftygal'}, {'user_id': '729278442236076032', 'username': 'Germz86'}, {'user_id': '334808296', 'username': 'AllAboutTRH'}, {'user_id': '25913173', 'username': 'lisarinna'}, {'user_id': '65773523', 'username': 'KyleRichards'}]",
1133561172458971138,1133543891767054337,1559097018000,2019-05-28,21:30:18,CDT,1122462012909531136,realasstalknow,Christie Duzich,,The courage I spoke of was that of scheduling a mammogram especially when breast cancer runs in your family. As one who has a familial connection to breast cancer I can tell you first hand that just scheduling a test takes courage.,"['kerri_sle', 'lisarinna', 'kylerichards']",[],[],2,0,1,[],[],https://twitter.com/RealAssTalkNow/status/1133561172458971138,False,,0,,,,,,,"[{'user_id': '1122462012909531136', 'username': 'RealAssTalkNow'}, {'user_id': '1594840074', 'username': 'kerri_sle'}, {'user_id': '25913173', 'username': 'lisarinna'}, {'user_id': '65773523', 'username': 'KyleRichards'}]",
1133423556178501632,1133423555507437568,1559064208000,2019-05-28,12:23:28,CDT,3235513572,my_helix,Helix,,"Of the 23,713 @HealthyNV participants, 1.26% have pathogenic (P) or likely pathogenic (LP) #genetic variants associated with Familial Hypercholesterolemia (FH), Lynch Syndrome (LS), and Hereditary Breast and Ovarian Cancer (HBOC).  pic.twitter.com/r7WWcqHH5y",['healthynv'],[],['https://pbs.twimg.com/media/D7q5YhnU8AAzl-d.jpg'],1,1,3,['#genetic'],[],https://twitter.com/my_helix/status/1133423556178501632,False,,0,,,,,,,"[{'user_id': '3235513572', 'username': 'my_helix'}, {'user_id': '1110281784', 'username': 'HealthyNV'}]",
1133405121877041154,1133405121877041154,1559059813000,2019-05-28,11:10:13,CDT,19077568,journalcancer,ACS Journal Cancer,,Approximately 5% to 10% of breast cancers are inherited. This new study investigates familial clustering of #Breastancer by histologic subtype:  http://ow.ly/heSJ30oQ7bp¬† pic.twitter.com/gk2LgGtUyg,[],['http://ow.ly/heSJ30oQ7bp'],['https://pbs.twimg.com/media/D7qp87RWkAECtqm.png'],0,3,1,['#breastancer'],[],https://twitter.com/JournalCancer/status/1133405121877041154,False,,0,,,,,,,"[{'user_id': '19077568', 'username': 'JournalCancer'}]",
1132033671853031426,1132033671853031426,1558732834000,2019-05-24,16:20:34,CDT,4185121399,srigsri23,Sriganesh Srihari,,That's our recent collaborative on WGS of familial breast cancers!  https://twitter.com/NatRevClinOncol/status/1131937902290595840¬†‚Ä¶,[],['https://twitter.com/NatRevClinOncol/status/1131937902290595840'],[],0,0,0,[],[],https://twitter.com/srigsri23/status/1132033671853031426,False,https://twitter.com/NatRevClinOncol/status/1131937902290595840,0,,,,,,,"[{'user_id': '4185121399', 'username': 'srigsri23'}]",
1131825488589144064,1131825488589144064,1558683199000,2019-05-24,02:33:19,CDT,973441909518516224,cancerepibot,CancerEpiPapers,,Breast cancer histologic subtypes show excess familial clustering. Cancer #cancer #epidemiology  https://www.ncbi.nlm.nih.gov/pubmed/31120568¬†,[],['https://www.ncbi.nlm.nih.gov/pubmed/31120568'],[],0,0,0,"['#cancer', '#epidemiology']",[],https://twitter.com/CancerEpibot/status/1131825488589144064,False,,0,,,,,,,"[{'user_id': '973441909518516224', 'username': 'CancerEpibot'}]",
1131789617860997120,1131789617860997120,1558674647000,2019-05-24,00:10:47,CDT,904837675,tri_info,Translational Research Institute,,New Familial Breast Cancer Clinic Opens at the PA! The clinic is aimed at helping women aged 30-65 who do not have breast cancer but who have an increased risk of developing it in the future with no out-of-pocket costs for attendance @MetSthHealth @pahospital #breastcancer pic.twitter.com/390np9PDRi,"['metsthhealth', 'pahospital']",[],['https://pbs.twimg.com/media/D7TqXUGVsAAc2Da.png'],0,11,11,['#breastcancer'],[],https://twitter.com/TRI_info/status/1131789617860997120,False,,0,,,,,,,"[{'user_id': '904837675', 'username': 'TRI_info'}, {'user_id': '2664891366', 'username': 'MetSthHealth'}, {'user_id': '38549946', 'username': 'pahospital'}]",
1131470273520308224,1131470273520308224,1558598509000,2019-05-23,03:01:49,CDT,12511062,letlifehappen,Barbara Jacoby,,Familial breast cancer may be preventable by medication: Austrian experts  https://letlife.in/2M6zk21¬†,[],['https://letlife.in/2M6zk21'],[],0,0,4,[],[],https://twitter.com/letlifehappen/status/1131470273520308224,False,,0,,,,,,,"[{'user_id': '12511062', 'username': 'letlifehappen'}]",
1131349133409832961,1131348082782875648,1558569627000,2019-05-22,19:00:27,CDT,2743157729,polakpaz,Paz Polak,,The editorial presents the important work of Nones and colleagues on how to solve familial breast cancer with mutational signatures:  https://academic.oup.com/annonc/advance-article/doi/10.1093/annonc/mdz132/5489598¬†‚Ä¶,[],['https://academic.oup.com/annonc/advance-article/doi/10.1093/annonc/mdz132/5489598'],[],0,0,2,[],[],https://twitter.com/PolakPaz/status/1131349133409832961,False,,0,,,,,,,"[{'user_id': '2743157729', 'username': 'PolakPaz'}]",
1130738188358754304,1130738177566752770,1558423966000,2019-05-21,02:32:46,CDT,3296060065,eppinglecia,Lecia Pewe Epping,Spring Studios,"Our mother, Nancy, died of metastatic breast cancer in 1995.  Our father, Randy Pewe, died tragically in 1999.  Loss shaped our young adult years.  In 2007, we were tested for our familial BRCA1 mutation.  Amber carries the BRCA1 mutation.  In 2014, she received cancer diagnosis. ‚Äì at Spring Studios",[],[],[],1,0,0,[],[],https://twitter.com/EppingLecia/status/1130738188358754304,False,,0,,,,,,,"[{'user_id': '3296060065', 'username': 'EppingLecia'}]",
1129805148073660417,1129805148073660417,1558201512000,2019-05-18,12:45:12,CDT,755708971,htezcanmd,Haluk Tezcan,,"We will increasingly see the value of WGS in tumor biology, diagnosis and monitoring. @lexentbio Whole-genome sequencing reveals clinically relevant insights into the aetiology of familial breast cancers  https://academic.oup.com/annonc/advance-article/doi/10.1093/annonc/mdz132/5489598#.XOBEB4b1nn0.twitter¬†‚Ä¶",['lexentbio'],['https://academic.oup.com/annonc/advance-article/doi/10.1093/annonc/mdz132/5489598#.XOBEB4b1nn0.twitter'],[],0,2,4,[],[],https://twitter.com/HTezcanMD/status/1129805148073660417,False,,0,,,,,,,"[{'user_id': '755708971', 'username': 'HTezcanMD'}, {'user_id': '806199785652785157', 'username': 'lexentbio'}]",
1129096944565964800,1129096944565964800,1558032663000,2019-05-16,13:51:03,CDT,250094608,breastcancerbio,Breast Cancer News,,Wholegenome sequencing reveals clinically relevant insights into the aetiology of familial breast #cancers.: Whole genome sequencing WGS is a powerful method for revealing the diversity and complexity of the somatic mutation burden of tumours. Here we‚Ä¶  http://bioportfol.io/R4rKGT¬†,[],['http://bioportfol.io/R4rKGT'],[],0,2,0,['#cancers'],[],https://twitter.com/BreastCancerBio/status/1129096944565964800,False,,0,,,,,,,"[{'user_id': '250094608', 'username': 'BreastCancerBio'}]",
1129088651818700802,1129088651818700802,1558030686000,2019-05-16,13:18:06,CDT,1376751619,sequencingdna,DNA Sequencing,,Wholegenome sequencing reveals clinically relevant insights into the aetiology of familial breast cancers.: Whole genome sequencing WGS is a powerful method for revealing the diversity and complexity of the somatic mutation burden of tumours.‚Ä¶  http://bioportfol.io/R4rCpn¬† #sequencing,[],['http://bioportfol.io/R4rCpn'],[],0,1,0,['#sequencing'],[],https://twitter.com/SequencingDNA/status/1129088651818700802,False,,0,,,,,,,"[{'user_id': '1376751619', 'username': 'SequencingDNA'}]",
1128938778318393344,1128938778318393344,1557994954000,2019-05-16,03:22:34,CDT,4185121399,srigsri23,Sriganesh Srihari,,"Our collaborative work on WGS of BRCA and non-BRCA driven familial breast cancers is now online  https://academic.oup.com/annonc/advance-article/doi/10.1093/annonc/mdz132/5489598¬†‚Ä¶ and so is a well-timed commentary (which covers our paper) by Foulkes & Polak:  https://academic.oup.com/annonc/advance-article-abstract/doi/10.1093/annonc/mdz152/5489599¬†‚Ä¶ @Annals_Oncology Congrats to Pete, Nic & team @UQMedicine","['annals_oncology', 'uqmedicine']","['https://academic.oup.com/annonc/advance-article/doi/10.1093/annonc/mdz132/5489598', 'https://academic.oup.com/annonc/advance-article-abstract/doi/10.1093/annonc/mdz152/5489599']",[],0,0,5,[],[],https://twitter.com/srigsri23/status/1128938778318393344,False,,0,,,,,,,"[{'user_id': '4185121399', 'username': 'srigsri23'}, {'user_id': '44614314', 'username': 'Annals_Oncology'}, {'user_id': '94023697', 'username': 'UQMedicine'}]",
1128226834301296640,1128174350652329984,1557825213000,2019-05-14,04:13:33,CDT,306758360,debbs3006,Debbie Leafe,,"Thanks for sharing! Never been able to do HRT because of familial breast cancer risk, but would definitely advocate exercise, getting outdoors, herbal remedies and yoga.","['bbcbreakfast', 'louiseminchin']",[],[],0,0,1,[],[],https://twitter.com/Debbs3006/status/1128226834301296640,False,,0,,,,,,,"[{'user_id': '306758360', 'username': 'Debbs3006'}, {'user_id': '143415291', 'username': 'BBCBreakfast'}, {'user_id': '117668291', 'username': 'louiseminchin'}]",
1126918803399401472,1126918803399401472,1557513354000,2019-05-10,13:35:54,CDT,3672215172,thirst4dodgers,Dong City Bitch,,"I‚Äôm not in the hereditary population of cancer risks, I‚Äôm in the 15-25% familial category, with my calculated risk being 1% for developing breast cancer. I‚Äôm to follow up w/ high risk breast surgeon to talk about frequent screening.",[],[],[],4,0,18,[],[],https://twitter.com/thirst4dodgers/status/1126918803399401472,False,,0,,,,,,,"[{'user_id': '3672215172', 'username': 'thirst4dodgers'}]",
1126426586071408643,1126426586071408643,1557396000000,2019-05-09,05:00:00,CDT,2209335356,brmenopausesoc,BMS,,"A taster: Bleeding issues during menopause; Managing menopausal symptoms: a cognitive behavioural approach; Hormones and headache; HRT and Cardiovascular disease; Obesity, menopause and hormones; Familial Breast and Ovarian Cancers: the impact of hormones  https://bit.ly/2ucuWTr¬† pic.twitter.com/SMDFtYrpAs",[],['https://bit.ly/2ucuWTr'],['https://pbs.twimg.com/media/D1iNbH1W0AIP8NU.jpg'],0,0,1,[],[],https://twitter.com/BrMenopauseSoc/status/1126426586071408643,False,,0,,,,,,,"[{'user_id': '2209335356', 'username': 'BrMenopauseSoc'}]",
1126330587973804032,1126327388244254720,1557373113000,2019-05-08,22:38:33,CDT,348502069,nmblondewino,Mother Nature Strikes Back!,,My Mother died from Ovarian Cancer at 84.  Many advances have been made in testing for familial genetic propensity to breast and ovarian cancer.  CA125 blood tests are used yearly in some cancer cases.  But seeing young women with ovarian cancer at the oncologist?  Tough to see.,['hoarsewisperer'],[],[],0,0,1,[],[],https://twitter.com/NMblondewino/status/1126330587973804032,False,,0,,,,,,,"[{'user_id': '348502069', 'username': 'NMblondewino'}, {'user_id': '784575415457308672', 'username': 'HoarseWisperer'}]",
